Student_ID,Gender,Age,Math_score,Reading_score,Writing_score,Study_hours_per_day,Attendance_percentage,Pass_Status
143,female,17.0,55.0,,50,9.3,76,FAIL
676,,27.0,33.0,40.0,12,4.3,69,pass
740,,18.0,64.0,69.0,93,2.4,83,
292,Male,16.0,77.0,-19.0,12,3.0,77,Fail
93,male,18.0,83.0,42.0,117,-0.8,86,Fail
981,male,29.0,97.0,27.0,80,3.2,76,FAIL
584,Male,21.0,34.0,19.0,28,0.5,74,FAIL
67,Female,25.0,17.0,-2.0,91,9.2,65,Fail
211,male,18.0,25.0,86.0,29,4.0,116,Fail
554,,16.0,,78.0,115,-0.5,94,Pass
706,female,,51.0,-1.0,58,6.1,99,pass
582,,20.0,54.0,92.0,28,-1.9,104,FAIL
458,male,22.0,23.0,72.0,108,6.1,88,
938,Male,21.0,84.0,54.0,75,3.6,114,Pass
408,female,26.0,49.0,-13.0,23,5.0,61,FAIL
275,male,15.0,14.0,7.0,66,2.1,69,Fail
318,Female,19.0,47.0,43.0,109,6.1,110,Pass
964,,22.0,100.0,53.0,119,7.9,99,Pass
176,Female,29.0,56.0,39.0,60,3.1,115,Fail
384,female,15.0,43.0,27.0,55,2.6,99,FAIL
399,female,15.0,41.0,6.0,9,2.6,97,FAIL
252,female,,109.0,-2.0,44,-1.1,88,FAIL
490,Female,25.0,26.0,64.0,52,8.4,94,Fail
600,,17.0,87.0,7.0,95,8.0,100,Pass
324,Male,,108.0,47.0,29,6.8,92,Pass
840,male,28.0,106.0,45.0,108,2.3,100,pass
622,Female,23.0,9.0,60.0,76,0.4,87,FAIL
140,,27.0,36.0,,114,2.6,116,Fail
537,male,26.0,15.0,26.0,41,6.9,73,Fail
349,Female,27.0,34.0,-18.0,25,9.8,66,pass
860,male,18.0,49.0,-19.0,25,-0.3,108,FAIL
759,,28.0,54.0,28.0,73,2.2,70,Fail
517,Female,27.0,35.0,45.0,42,0.4,111,
192,,21.0,7.0,14.0,79,7.2,59,Fail
833,Female,26.0,10.0,26.0,104,4.7,88,Fail
813,Male,19.0,7.0,40.0,115,0.1,111,
993,female,26.0,8.0,9.0,100,7.6,75,
879,,19.0,31.0,63.0,102,2.3,72,pass
959,male,29.0,28.0,44.0,46,1.3,117,Fail
602,female,20.0,700.0,24.0,49,5.4,56,
264,Male,21.0,,85.0,101,2.9,115,Pass
989,male,16.0,26.0,92.0,51,7.3,51,Pass
31,male,18.0,6.0,64.0,46,5.4,62,Fail
482,female,16.0,67.0,69.0,106,2.7,68,FAIL
738,female,27.0,38.0,-9.0,105,8.0,76,FAIL
166,Female,27.0,11.0,-20.0,71,5.8,83,pass
685,male,20.0,72.0,-13.0,108,4.7,112,Fail
881,female,16.0,15.0,6.0,27,4.8,79,Fail
381,Female,26.0,6.0,-12.0,48,-1.8,57,FAIL
215,male,16.0,75.0,86.0,35,5.1,118,Pass
661,,180.0,17.0,43.0,14,4.9,67,FAIL
243,Male,16.0,12.0,0.0,98,0.6,78,Fail
182,male,22.0,22.0,,21,8.6,51,pass
496,Male,15.0,49.0,26.0,12,3.3,64,FAIL
521,female,16.0,30.0,7.0,89,9.4,67,FAIL
130,,26.0,0.0,,101,3.4,96,Fail
570,male,25.0,1.0,17.0,7,7.5,86,Pass
798,Female,29.0,,,66,8.4,99,FAIL
597,,28.0,44.0,,118,9.8,93,pass
641,female,24.0,24.0,47.0,46,8.8,72,FAIL
836,female,26.0,,26.0,16,1.0,118,Pass
544,female,0.0,83.0,96.0,5,5.4,115,pass
846,,,7.0,80.0,55,6.4,58,
502,Male,22.0,69.0,27.0,80,9.4,59,FAIL
477,female,28.0,7.0,65.0,53,4.1,78,Pass
127,,16.0,7.0,-11.0,69,-2.0,99,Pass
452,female,26.0,66.0,13.0,74,6.5,91,pass
455,female,17.0,40.0,78.0,85,8.8,104,Fail
196,male,21.0,28.0,99.0,23,2.0,107,Pass
944,male,16.0,78.0,97.0,68,-1.5,110,
956,Male,20.0,62.0,16.0,77,3.2,102,
827,Female,16.0,20.0,4.0,115,5.0,99,
650,Female,15.0,67.0,99.0,83,9.2,67,pass
843,Male,27.0,4.0,12.0,67,0.7,91,Pass
17,female,17.0,,80.0,100,-0.6,96,Fail
332,Female,22.0,35.0,58.0,11,4.4,53,pass
901,male,20.0,,80.0,105,8.1,119,Fail
877,Male,20.0,12.0,7.0,18,-0.1,91,Fail
898,Male,23.0,21.0,24.0,92,5.4,100,FAIL
212,female,25.0,7.0,63.0,6,7.4,72,Pass
815,Female,18.0,71.0,88.0,83,-0.6,113,pass
934,male,20.0,12.0,20.0,85,1.1,50,Fail
129,,20.0,75.0,-18.0,99,-0.6,114,Fail
773,female,20.0,20.0,,47,9.9,52,FAIL
160,male,,,69.0,44,10.0,96,Pass
679,,23.0,1.0,14.0,2,5.5,62,pass
612,Male,16.0,20.0,-2.0,107,9.8,98,Pass
850,male,18.0,95.0,19.0,75,8.5,104,Pass
402,,20.0,79.0,19.0,84,5.2,88,Pass
932,Male,18.0,91.0,23.0,2,1.8,93,
64,Female,16.0,11.0,10.0,67,2.7,85,Fail
421,Female,19.0,54.0,11.0,11,3.6,91,Fail
875,Male,26.0,103.0,100.0,40,-1.4,88,
654,,28.0,,41.0,119,8.3,70,pass
968,,18.0,15.0,14.0,20,0.8,81,
360,,15.0,89.0,68.0,5,6.5,71,FAIL
697,female,24.0,15.0,-2.0,107,6.4,109,Fail
619,female,27.0,77.0,40.0,44,4.6,107,Fail
431,Female,22.0,21.0,98.0,98,7.3,64,pass
237,Male,28.0,62.0,87.0,77,4.6,111,
459,Female,24.0,59.0,-12.0,86,-1.9,77,Pass
970,,29.0,0.0,90.0,112,8.3,103,
257,Male,28.0,97.0,100.0,65,8.6,69,Fail
70,female,25.0,14.0,89.0,98,5.3,103,
737,Male,19.0,57.0,40.0,12,8.3,56,Fail
119,Male,28.0,92.0,82.0,114,6.4,65,Pass
948,female,15.0,76.0,3.0,49,8.7,114,FAIL
523,female,16.0,54.0,18.0,64,6.2,109,FAIL
563,,29.0,35.0,70.0,6,2.2,109,FAIL
775,Female,29.0,12.0,96.0,21,9.8,76,
138,Female,15.0,100.0,102.0,74,-1.4,99,FAIL
940,Male,28.0,51.0,11.0,114,1.8,50,pass
552,Female,28.0,21.0,18.0,57,7.6,75,
479,,21.0,69.0,55.0,64,9.3,55,Pass
510,Male,21.0,97.0,70.0,101,5.7,72,FAIL
526,female,23.0,61.0,-1.0,27,3.4,100,
197,male,15.0,95.0,-11.0,34,8.4,71,pass
702,male,29.0,39.0,83.0,98,9.2,78,Pass
591,Male,27.0,105.0,27.0,43,1.6,79,Pass
63,,25.0,57.0,-2.0,102,-1.8,112,
229,male,17.0,68.0,-1.0,34,7.0,103,Fail
117,Female,27.0,79.0,103.0,69,4.6,66,FAIL
542,Female,19.0,103.0,78.0,33,0.8,74,Fail
807,male,26.0,,,90,3.3,96,
474,,27.0,35.0,64.0,20,6.5,78,pass
507,female,28.0,101.0,-10.0,24,9.1,75,FAIL
88,Male,,61.0,34.0,27,9.3,81,pass
605,male,-5.0,66.0,42.0,31,7.4,55,FAIL
60,Female,16.0,5.0,13.0,20,1.0,69,
216,male,17.0,90.0,36.0,24,2.9,117,Pass
353,Male,24.0,35.0,21.0,37,0.8,100,Fail
170,female,,87.0,49.0,66,-1.6,89,pass
242,Male,15.0,47.0,37.0,74,7.9,54,Pass
371,Female,19.0,70.0,-13.0,26,-0.9,83,pass
729,male,24.0,61.0,51.0,106,6.3,79,pass
1000,male,21.0,11.0,-17.0,35,2.0,72,FAIL
254,male,20.0,101.0,68.0,82,2.2,78,Fail
603,,27.0,77.0,50.0,74,-0.1,99,FAIL
301,,24.0,47.0,30.0,80,4.9,75,
178,Male,16.0,94.0,10.0,118,5.2,100,FAIL
150,female,15.0,77.0,43.0,46,4.0,103,Fail
822,female,15.0,98.0,82.0,0,2.7,105,FAIL
195,female,24.0,7.0,-7.0,40,7.6,83,
662,Female,22.0,92.0,89.0,95,4.7,109,
810,,27.0,64.0,55.0,16,5.2,62,Fail
839,male,26.0,50.0,-3.0,119,-1.1,65,
962,Female,26.0,107.0,-2.0,38,8.6,51,Fail
758,Female,16.0,51.0,35.0,36,4.1,97,
631,,25.0,64.0,54.0,106,5.9,67,Fail
961,female,16.0,38.0,-1.0,99,0.6,68,Fail
204,Male,27.0,54.0,56.0,18,5.7,105,pass
69,female,26.0,,42.0,23,8.5,118,FAIL
7,male,19.0,54.0,100.0,90,-0.5,113,
939,Male,24.0,78.0,27.0,37,2.6,100,Pass
492,,28.0,20.0,31.0,46,2.5,65,
516,male,17.0,57.0,13.0,28,3.0,67,
156,Male,27.0,28.0,43.0,47,8.3,109,Fail
118,male,27.0,73.0,54.0,16,5.7,65,
644,male,19.0,,-19.0,45,4.1,103,FAIL
876,female,29.0,1.0,18.0,111,4.7,110,pass
748,male,20.0,100.0,72.0,80,2.0,74,FAIL
51,female,24.0,95.0,67.0,41,1.8,95,FAIL
524,male,28.0,79.0,49.0,83,-1.7,112,FAIL
666,Male,15.0,31.0,48.0,68,9.3,89,
365,female,24.0,94.0,48.0,27,9.2,99,FAIL
911,female,23.0,11.0,,22,9.3,104,pass
19,Male,28.0,104.0,-17.0,41,6.1,91,Fail
71,Male,17.0,96.0,62.0,12,1.0,79,
209,female,29.0,81.0,,103,7.4,67,FAIL
451,male,,17.0,-1.0,37,7.8,55,Fail
574,male,23.0,74.0,51.0,119,-1.3,103,Fail
3,male,18.0,44.0,-7.0,45,-0.1,70,Fail
700,Female,28.0,3.0,72.0,15,4.2,113,FAIL
408,female,26.0,49.0,-13.0,23,5.0,61,FAIL
190,male,28.0,49.0,71.0,63,9.9,73,pass
285,Male,19.0,43.0,89.0,52,0.0,101,FAIL
73,,22.0,25.0,3.0,97,-1.0,68,Pass
475,male,24.0,2.0,67.0,27,1.7,52,Fail
549,Male,28.0,20.0,79.0,24,9.7,68,FAIL
720,Female,16.0,91.0,65.0,25,7.6,65,FAIL
137,female,18.0,46.0,60.0,26,2.5,89,FAIL
594,Female,17.0,41.0,89.0,89,8.8,106,pass
185,Female,18.0,83.0,,42,1.4,115,
747,male,26.0,81.0,36.0,38,1.5,78,
508,female,23.0,80.0,73.0,2,5.6,90,Fail
546,,21.0,450.0,25.0,95,6.3,96,pass
584,Male,21.0,34.0,19.0,28,0.5,74,FAIL
889,Female,16.0,,19.0,66,-1.8,114,pass
89,female,19.0,59.0,92.0,4,9.0,53,Fail
223,male,20.0,500.0,49.0,7,2.9,95,
330,Female,21.0,14.0,83.0,7,-0.5,103,Fail
771,,25.0,37.0,76.0,54,8.2,117,
565,female,19.0,22.0,38.0,110,2.8,82,Pass
12,male,26.0,69.0,74.0,58,-1.4,67,FAIL
373,Female,26.0,55.0,103.0,43,-1.4,66,FAIL
728,Female,21.0,1.0,-20.0,16,9.1,56,Pass
449,Male,22.0,6.0,47.0,8,-0.9,115,
266,Male,25.0,87.0,50.0,65,2.6,119,
174,female,15.0,49.0,39.0,46,8.9,88,
774,Female,29.0,41.0,64.0,90,4.5,56,Pass
647,male,26.0,67.0,89.0,112,8.4,68,Fail
867,female,15.0,,54.0,105,-0.3,111,
983,female,29.0,88.0,35.0,95,0.4,85,
261,Female,27.0,22.0,29.0,33,-1.8,107,Fail
880,male,19.0,94.0,49.0,45,9.0,103,Fail
886,Female,150.0,9.0,-18.0,98,7.4,56,Fail
841,,23.0,57.0,47.0,40,-0.9,86,Fail
315,Female,17.0,99.0,94.0,13,7.3,96,
96,male,18.0,69.0,102.0,90,4.7,117,Pass
873,Male,20.0,11.0,97.0,92,7.5,103,
380,,19.0,67.0,34.0,82,7.1,84,pass
144,female,24.0,27.0,14.0,52,0.6,103,Pass
769,,21.0,51.0,-1.0,103,-0.3,112,FAIL
218,female,21.0,88.0,47.0,0,-1.7,119,pass
259,Female,24.0,,,16,3.5,116,
478,Male,16.0,96.0,-18.0,53,-1.9,84,FAIL
448,Male,29.0,34.0,76.0,15,6.0,71,Pass
167,female,22.0,105.0,3.0,18,7.8,81,FAIL
834,Male,16.0,51.0,66.0,4,9.3,55,Pass
279,male,24.0,92.0,18.0,119,-0.5,94,Pass
821,Male,25.0,23.0,69.0,113,5.0,51,Fail
703,Female,16.0,16.0,0.0,47,2.5,100,FAIL
311,Male,15.0,47.0,38.0,51,7.2,91,
864,Female,28.0,67.0,53.0,77,0.6,104,Fail
735,Male,29.0,9.0,61.0,118,0.5,112,Fail
11,female,15.0,81.0,94.0,5,-1.6,65,Fail
592,Male,25.0,11.0,100.0,89,9.7,67,Pass
153,Male,26.0,36.0,,6,8.7,77,
929,Male,28.0,106.0,46.0,84,4.2,105,Fail
731,,16.0,20.0,17.0,116,0.4,65,pass
953,female,25.0,,16.0,111,-0.7,72,
804,,17.0,87.0,25.0,98,1.5,57,Pass
341,Male,18.0,33.0,37.0,104,1.4,75,Pass
289,male,20.0,98.0,53.0,104,7.0,75,Pass
782,Male,,,84.0,44,1.3,112,pass
114,male,28.0,9.0,49.0,40,6.3,51,FAIL
366,,23.0,107.0,30.0,10,2.6,101,FAIL
721,male,26.0,85.0,87.0,5,7.0,117,Fail
187,,19.0,44.0,85.0,53,2.8,64,
221,Female,19.0,32.0,70.0,12,6.6,63,FAIL
248,Male,22.0,74.0,69.0,76,1.3,94,FAIL
515,female,15.0,43.0,-5.0,23,7.7,74,Fail
571,Female,16.0,90.0,-7.0,96,3.0,75,FAIL
803,female,25.0,86.0,56.0,34,7.1,85,
655,,27.0,95.0,92.0,53,-0.0,119,pass
636,Male,29.0,51.0,57.0,101,7.6,74,
413,,27.0,38.0,86.0,46,3.2,107,FAIL
532,Female,29.0,15.0,42.0,57,8.6,95,pass
844,Male,19.0,93.0,15.0,68,8.7,106,FAIL
163,,21.0,32.0,18.0,112,6.0,106,FAIL
806,Female,28.0,82.0,-20.0,102,-0.7,111,
91,male,21.0,102.0,76.0,100,3.4,54,Fail
352,Female,23.0,105.0,76.0,85,9.9,94,FAIL
207,,16.0,73.0,52.0,25,4.4,85,pass
976,female,,103.0,17.0,73,3.5,72,Pass
586,,23.0,42.0,-7.0,97,0.6,55,
412,Female,23.0,59.0,27.0,67,9.5,50,FAIL
483,Female,28.0,12.0,91.0,98,-1.2,116,Fail
640,,19.0,5.0,102.0,56,4.2,68,FAIL
572,Female,23.0,72.0,79.0,86,0.0,89,Fail
639,female,25.0,40.0,47.0,59,3.0,65,
340,female,29.0,18.0,19.0,74,-1.8,106,Fail
109,male,17.0,44.0,-1.0,91,5.1,102,pass
725,Male,20.0,85.0,70.0,28,7.3,104,Fail
529,,28.0,15.0,51.0,80,8.9,81,FAIL
387,Female,24.0,-500.0,61.0,36,2.7,81,Fail
403,Male,20.0,,81.0,20,8.3,53,FAIL
43,female,29.0,91.0,-1.0,12,9.5,65,Pass
86,Male,24.0,108.0,79.0,84,9.9,69,FAIL
319,Female,25.0,86.0,11.0,115,2.9,117,pass
388,Female,23.0,12.0,21.0,16,-0.1,67,
210,female,19.0,16.0,35.0,70,3.0,87,FAIL
663,Male,25.0,59.0,29.0,60,2.5,64,pass
990,Female,20.0,65.0,88.0,110,-0.4,104,Pass
44,Female,23.0,107.0,-4.0,33,6.6,63,
323,Female,15.0,42.0,5.0,21,8.6,61,FAIL
711,,16.0,102.0,34.0,100,6.0,62,Pass
892,,28.0,72.0,20.0,26,3.0,101,
745,male,,84.0,85.0,64,1.4,67,pass
797,,16.0,85.0,-8.0,112,3.5,72,pass
907,,22.0,98.0,2.0,86,6.3,73,pass
538,male,25.0,29.0,17.0,58,-0.9,97,Pass
858,female,24.0,65.0,20.0,118,7.4,76,Fail
393,,28.0,8.0,-19.0,32,8.2,108,
345,Female,25.0,109.0,42.0,56,0.2,85,pass
642,,16.0,12.0,71.0,30,8.7,74,
610,Male,28.0,72.0,100.0,58,8.5,89,
660,male,22.0,19.0,-10.0,97,5.2,79,FAIL
5,,19.0,92.0,13.0,106,-0.8,56,Pass
426,Female,29.0,107.0,98.0,117,7.3,58,Pass
627,female,29.0,32.0,99.0,110,9.3,89,FAIL
188,Male,20.0,51.0,9.0,9,4.2,61,pass
400,Female,21.0,71.0,93.0,46,5.1,95,
126,female,29.0,19.0,40.0,95,1.0,75,FAIL
667,,20.0,92.0,27.0,5,8.7,58,FAIL
921,male,,-200.0,32.0,69,1.3,79,pass
171,Male,120.0,,20.0,58,2.3,59,Fail
536,,18.0,2.0,4.0,52,-1.1,55,Fail
563,,29.0,35.0,70.0,6,2.2,109,FAIL
10,,24.0,43.0,-5.0,49,2.1,103,Fail
486,male,,1.0,99.0,48,6.1,96,pass
145,female,24.0,78.0,25.0,77,6.7,115,FAIL
710,Male,21.0,37.0,-17.0,10,0.7,74,Pass
115,Male,27.0,66.0,26.0,45,3.5,115,FAIL
154,Male,,19.0,0.0,108,-1.0,74,FAIL
545,Male,20.0,103.0,32.0,6,1.0,94,FAIL
795,female,25.0,7.0,20.0,92,9.3,66,pass
585,male,15.0,21.0,67.0,97,5.6,114,
427,Male,19.0,97.0,-5.0,47,7.9,70,Pass
817,Male,17.0,42.0,40.0,90,9.4,87,Fail
299,female,27.0,25.0,-5.0,85,1.9,104,
838,Female,22.0,27.0,61.0,97,-0.8,113,pass
418,Female,15.0,35.0,,83,0.7,68,
847,female,25.0,63.0,-2.0,50,5.4,113,
6,Female,22.0,52.0,32.0,63,7.6,113,Pass
690,male,27.0,20.0,55.0,111,9.3,85,FAIL
390,Female,15.0,20.0,63.0,86,5.3,78,
92,Male,15.0,88.0,-3.0,35,9.7,69,Pass
693,female,17.0,61.0,25.0,49,7.4,86,pass
331,male,29.0,24.0,64.0,81,1.4,106,
100,Male,29.0,65.0,54.0,53,4.2,58,Fail
857,male,26.0,72.0,-6.0,46,-1.6,53,Fail
802,male,25.0,59.0,-10.0,93,2.3,99,FAIL
347,male,28.0,28.0,4.0,112,8.2,84,pass
480,,17.0,40.0,71.0,99,3.0,61,pass
543,Female,25.0,4.0,36.0,36,9.0,69,Fail
291,male,22.0,109.0,-16.0,52,9.8,92,Fail
926,male,15.0,74.0,87.0,6,8.9,105,Fail
624,female,26.0,65.0,-12.0,71,-0.5,94,Pass
863,male,23.0,35.0,84.0,20,4.3,77,pass
294,female,27.0,65.0,91.0,18,8.5,69,Pass
696,Female,,79.0,84.0,27,7.3,105,pass
460,male,21.0,45.0,95.0,44,3.6,100,
945,male,24.0,22.0,79.0,12,7.4,103,
972,,29.0,4.0,,58,3.3,119,Fail
625,Female,24.0,24.0,43.0,103,4.8,63,pass
598,,15.0,34.0,-2.0,4,1.3,96,Pass
168,male,20.0,19.0,36.0,62,-1.4,115,Fail
55,male,18.0,99.0,34.0,50,1.8,113,Pass
897,Male,27.0,88.0,34.0,97,5.8,91,
913,male,29.0,46.0,33.0,68,1.8,111,pass
884,male,25.0,97.0,72.0,67,4.9,116,
287,female,23.0,89.0,77.0,64,1.2,92,pass
270,female,24.0,84.0,60.0,55,8.4,82,Fail
551,male,25.0,69.0,-4.0,54,2.5,102,
377,female,16.0,55.0,80.0,14,4.3,50,Fail
652,Female,22.0,59.0,-5.0,104,1.4,94,Fail
344,female,18.0,51.0,92.0,78,3.8,78,
832,male,22.0,99.0,88.0,40,2.9,53,Fail
681,,24.0,49.0,77.0,5,-1.4,91,Fail
320,male,22.0,69.0,-14.0,52,8.6,74,Fail
744,,18.0,108.0,103.0,93,-0.9,73,Fail
57,female,24.0,78.0,-17.0,84,8.2,76,Fail
488,male,16.0,4.0,41.0,53,4.9,100,Pass
849,Male,16.0,37.0,7.0,98,0.7,83,FAIL
470,female,23.0,35.0,,27,1.7,102,Fail
314,Male,18.0,43.0,43.0,113,9.4,101,FAIL
965,male,,7.0,39.0,21,6.6,61,pass
630,female,,13.0,-7.0,74,3.7,68,
343,male,17.0,67.0,5.0,48,-1.5,103,Fail
634,male,22.0,53.0,84.0,46,5.9,111,Pass
76,Female,18.0,93.0,9.0,50,-1.1,92,
869,Female,26.0,61.0,-11.0,14,8.8,105,pass
717,Female,15.0,98.0,55.0,101,8.2,108,Fail
50,female,19.0,,-18.0,2,5.5,96,Pass
522,Male,18.0,46.0,26.0,101,-1.3,108,FAIL
392,,26.0,91.0,-9.0,28,7.3,96,
906,Female,17.0,20.0,4.0,48,-1.5,103,Fail
467,Female,18.0,38.0,100.0,35,2.9,118,Fail
851,male,-10.0,91.0,63.0,25,7.5,78,Fail
141,Male,21.0,48.0,96.0,113,9.2,61,pass
500,Male,26.0,2.0,36.0,1,9.3,93,Pass
575,,15.0,66.0,41.0,71,9.3,71,Pass
149,Female,26.0,19.0,72.0,50,6.0,109,
715,male,,62.0,,86,5.5,113,
193,female,16.0,84.0,34.0,75,3.1,67,
404,,22.0,25.0,12.0,106,8.4,79,FAIL
90,male,15.0,13.0,34.0,16,-1.9,99,FAIL
359,Male,15.0,3.0,2.0,40,5.3,56,
991,Female,26.0,40.0,29.0,24,4.8,87,Pass
358,,22.0,76.0,31.0,7,6.8,113,
708,male,27.0,51.0,8.0,61,-1.5,104,
910,Female,26.0,38.0,17.0,115,6.2,106,Fail
398,male,19.0,87.0,-18.0,54,6.6,88,
397,,29.0,9.0,88.0,119,3.0,66,pass
54,,29.0,97.0,37.0,108,-1.1,70,Pass
430,female,17.0,80.0,88.0,40,7.4,111,Fail
632,Male,25.0,109.0,32.0,64,4.7,113,
33,female,21.0,48.0,83.0,16,-0.8,66,Pass
255,Male,20.0,18.0,64.0,101,4.3,103,FAIL
504,male,29.0,86.0,-4.0,13,2.3,99,FAIL
533,Female,15.0,11.0,46.0,75,5.0,116,Fail
226,Male,16.0,13.0,11.0,72,4.2,93,
433,female,25.0,,0.0,111,-0.2,101,
933,Female,24.0,28.0,58.0,50,9.6,84,Fail
40,Female,22.0,19.0,39.0,36,1.7,96,
309,,20.0,,17.0,71,4.1,55,pass
49,Female,23.0,48.0,-7.0,50,6.1,64,Fail
48,,18.0,49.0,72.0,86,7.7,116,Pass
213,male,24.0,46.0,61.0,66,5.2,65,Fail
499,Male,19.0,57.0,54.0,23,3.5,73,Fail
82,Male,27.0,1.0,43.0,23,-0.6,68,FAIL
472,,16.0,100.0,87.0,107,-1.8,88,pass
789,Male,23.0,59.0,67.0,26,8.9,96,Fail
487,Male,27.0,59.0,69.0,117,-0.3,53,Fail
351,Female,16.0,15.0,23.0,95,4.2,79,Fail
754,male,24.0,59.0,14.0,92,0.3,52,Fail
887,Female,22.0,14.0,-5.0,36,1.3,89,
788,female,27.0,57.0,-4.0,118,-1.3,52,FAIL
665,male,27.0,5.0,0.0,45,1.0,112,pass
878,Female,20.0,52.0,-18.0,111,8.0,67,
999,female,17.0,53.0,24.0,50,-0.1,90,FAIL
931,Female,27.0,21.0,7.0,83,-0.9,106,FAIL
772,Male,15.0,41.0,69.0,71,-0.9,84,pass
505,male,23.0,43.0,,9,8.4,61,
637,Male,20.0,2.0,73.0,87,-0.5,94,FAIL
224,female,28.0,30.0,,4,9.1,81,Fail
705,Male,16.0,102.0,17.0,63,3.7,80,Fail
550,Female,22.0,83.0,55.0,32,6.2,84,Pass
102,Male,22.0,100.0,103.0,46,5.3,117,Fail
783,Male,16.0,59.0,-12.0,9,2.1,86,Pass
613,,25.0,34.0,26.0,70,2.7,69,Pass
608,Male,23.0,51.0,103.0,104,-2.0,80,
611,Male,19.0,14.0,103.0,89,3.3,94,
988,female,25.0,90.0,-17.0,47,9.0,110,Pass
491,Male,21.0,31.0,,43,2.5,57,Pass
564,female,,96.0,2.0,99,3.2,108,Fail
618,Female,,81.0,32.0,9,2.2,74,pass
268,Male,16.0,70.0,98.0,89,3.2,78,FAIL
333,Male,20.0,74.0,65.0,118,4.1,98,Fail
434,male,21.0,14.0,9.0,17,0.6,93,
134,,20.0,27.0,97.0,87,-1.9,53,
415,Male,29.0,88.0,-17.0,93,4.4,119,
808,male,22.0,31.0,87.0,89,6.8,110,FAIL
424,Female,21.0,48.0,-10.0,16,7.9,76,FAIL
755,male,22.0,10.0,27.0,85,1.5,87,Pass
206,male,16.0,42.0,23.0,7,4.0,94,
158,,15.0,34.0,79.0,71,4.2,89,Pass
244,male,17.0,72.0,61.0,71,7.7,119,Fail
899,Male,15.0,29.0,58.0,23,2.0,105,pass
718,Female,22.0,6.0,24.0,117,9.1,109,Fail
325,Male,21.0,20.0,89.0,62,6.4,100,
960,Male,23.0,29.0,26.0,117,8.8,65,pass
217,female,21.0,71.0,0.0,36,3.6,70,pass
417,Female,21.0,18.0,49.0,20,7.0,73,Fail
828,female,27.0,103.0,70.0,86,-0.7,92,Fail
707,,27.0,92.0,100.0,89,7.2,69,FAIL
26,male,28.0,92.0,,72,8.9,56,pass
924,,16.0,107.0,9.0,9,4.7,87,FAIL
628,Female,22.0,35.0,31.0,94,-1.8,52,pass
917,male,18.0,20.0,78.0,40,3.3,90,Pass
58,Female,25.0,33.0,99.0,45,9.8,104,Fail
946,male,21.0,87.0,103.0,86,2.8,89,
856,female,22.0,24.0,94.0,70,7.5,53,pass
949,,22.0,21.0,18.0,29,5.9,113,Fail
405,female,23.0,90.0,71.0,12,6.7,79,Fail
709,Male,26.0,35.0,30.0,75,5.8,51,FAIL
305,male,24.0,92.0,55.0,61,3.9,87,
683,Female,29.0,-300.0,75.0,7,0.8,57,Pass
282,,19.0,48.0,-4.0,117,-0.6,62,FAIL
820,female,,50.0,24.0,64,5.6,103,Fail
513,Male,15.0,,63.0,53,4.7,118,
577,Female,17.0,61.0,-2.0,85,3.3,77,Fail
133,female,28.0,83.0,73.0,61,9.3,73,Pass
442,,16.0,77.0,38.0,81,7.4,107,Pass
607,female,23.0,6.0,102.0,21,1.7,106,Fail
339,,18.0,85.0,84.0,97,5.8,77,Pass
298,male,,84.0,77.0,24,0.4,61,FAIL
778,,24.0,16.0,41.0,92,0.4,90,pass
974,,25.0,64.0,28.0,30,2.6,55,Pass
446,female,15.0,1.0,4.0,30,6.8,117,
143,female,17.0,55.0,,50,9.3,76,FAIL
250,male,27.0,97.0,67.0,95,1.8,50,
673,,25.0,30.0,96.0,77,-1.7,101,Pass
101,female,27.0,34.0,36.0,44,-1.1,56,Pass
689,Male,25.0,98.0,19.0,80,9.4,62,Fail
236,Female,24.0,69.0,5.0,45,3.3,103,Fail
355,Female,19.0,17.0,78.0,86,-1.5,102,FAIL
868,,28.0,88.0,56.0,83,6.3,83,Pass
326,Male,22.0,22.0,95.0,3,7.0,86,Pass
671,male,26.0,22.0,23.0,61,2.1,65,Pass
766,female,18.0,98.0,41.0,84,3.2,58,pass
45,Female,,19.0,,108,9.4,101,Pass
506,Male,24.0,1.0,87.0,34,-0.7,109,FAIL
16,Female,20.0,36.0,62.0,41,-0.1,106,Pass
327,male,17.0,106.0,65.0,76,3.6,95,FAIL
512,female,19.0,29.0,12.0,11,-1.2,55,
356,male,23.0,1.0,-15.0,87,3.4,113,FAIL
701,male,21.0,102.0,1.0,67,6.4,72,FAIL
235,Male,15.0,63.0,21.0,33,9.1,66,Fail
967,Male,28.0,57.0,71.0,53,1.9,71,
203,Male,18.0,64.0,68.0,34,8.5,110,Pass
238,female,22.0,72.0,99.0,3,1.1,81,pass
278,male,20.0,59.0,20.0,77,8.6,68,Pass
414,female,24.0,73.0,80.0,24,4.6,55,pass
915,female,20.0,20.0,-3.0,52,8.8,71,FAIL
247,female,23.0,104.0,66.0,59,2.5,115,
872,female,23.0,,30.0,108,8.8,67,
997,Male,17.0,89.0,46.0,62,7.7,83,Pass
316,Female,24.0,14.0,42.0,49,5.3,56,Fail
866,,21.0,104.0,30.0,22,4.9,119,Fail
562,Male,27.0,13.0,102.0,76,-0.5,104,pass
300,Male,15.0,,91.0,30,4.6,60,Pass
801,male,20.0,16.0,-2.0,116,8.3,64,
920,female,22.0,103.0,52.0,53,4.5,80,pass
481,Male,24.0,102.0,9.0,20,2.8,87,Pass
85,Male,20.0,37.0,24.0,102,5.2,106,pass
498,Male,28.0,,37.0,101,8.3,71,Pass
664,male,27.0,,64.0,20,7.4,53,pass
384,female,15.0,43.0,27.0,55,2.6,99,FAIL
891,Female,16.0,54.0,60.0,23,-1.1,98,
13,,29.0,17.0,98.0,14,-0.3,108,
567,male,27.0,65.0,77.0,72,8.7,77,Pass
893,Female,29.0,24.0,-9.0,39,5.2,78,Fail
727,female,28.0,54.0,84.0,97,0.3,98,FAIL
265,female,19.0,0.0,100.0,59,6.7,78,Fail
823,Female,24.0,23.0,71.0,57,2.3,110,Fail
262,male,27.0,82.0,96.0,105,1.6,102,FAIL
776,Male,17.0,104.0,28.0,100,9.3,50,FAIL
601,male,17.0,105.0,63.0,83,6.5,91,
391,Male,29.0,85.0,49.0,89,3.2,65,
950,Male,25.0,42.0,13.0,61,-1.9,92,
573,male,,64.0,96.0,88,3.7,87,FAIL
819,,19.0,108.0,12.0,67,6.8,57,
428,,,32.0,-20.0,102,3.5,78,
955,Male,23.0,2.0,47.0,50,4.0,93,FAIL
118,male,27.0,73.0,54.0,16,5.7,65,
123,,15.0,104.0,48.0,107,6.1,50,Fail
996,Female,27.0,105.0,38.0,64,2.1,78,pass
293,Male,26.0,73.0,1.0,20,7.0,58,Fail
691,,24.0,72.0,33.0,74,5.3,62,pass
760,Female,29.0,25.0,-8.0,35,9.0,103,Pass
936,Male,16.0,1.0,2.0,67,8.0,119,FAIL
251,Male,23.0,101.0,28.0,33,8.8,93,FAIL
369,female,17.0,12.0,-9.0,18,2.5,102,
233,female,26.0,91.0,50.0,22,7.7,92,FAIL
2,,26.0,99.0,57.0,26,3.4,60,Fail
357,female,23.0,48.0,18.0,49,-1.2,87,Fail
131,male,15.0,,86.0,74,5.3,102,Pass
106,,27.0,75.0,-4.0,117,4.6,106,Pass
566,female,17.0,108.0,70.0,50,6.0,68,
541,Male,27.0,91.0,0.0,104,-1.2,118,Fail
942,,16.0,49.0,102.0,110,-0.9,102,
125,Male,17.0,4.0,95.0,51,4.3,53,FAIL
157,female,22.0,0.0,-16.0,72,7.8,91,Fail
922,,26.0,6.0,81.0,100,0.6,67,Fail
62,female,16.0,41.0,61.0,10,0.2,119,Fail
751,female,20.0,35.0,78.0,87,5.6,73,
462,Female,26.0,67.0,29.0,33,1.6,58,FAIL
713,Female,28.0,62.0,71.0,17,7.3,116,FAIL
615,Male,22.0,90.0,-7.0,56,1.4,77,
303,Male,26.0,69.0,18.0,22,9.3,76,Fail
882,,22.0,31.0,96.0,109,0.2,107,
436,female,,91.0,13.0,98,1.2,67,pass
958,,21.0,22.0,44.0,111,4.6,95,
239,,,32.0,-7.0,29,6.9,89,pass
870,female,18.0,9.0,-7.0,113,6.9,62,
139,Female,22.0,75.0,88.0,63,5.5,92,
169,Male,23.0,52.0,79.0,37,8.9,61,FAIL
453,,,41.0,5.0,53,9.6,74,pass
112,male,17.0,30.0,70.0,55,-1.2,108,Fail
362,female,27.0,93.0,29.0,43,2.4,59,
984,Female,23.0,9.0,55.0,9,-1.2,104,Pass
99,Female,26.0,27.0,26.0,10,0.5,91,pass
435,female,27.0,34.0,-8.0,77,3.6,103,pass
682,,18.0,30.0,67.0,92,2.5,110,pass
155,male,,25.0,53.0,34,7.7,59,FAIL
501,female,23.0,85.0,2.0,85,4.0,50,Fail
181,Male,28.0,49.0,68.0,95,2.0,76,pass
761,male,27.0,67.0,40.0,100,2.1,105,pass
520,male,28.0,92.0,99.0,59,3.4,77,Fail
228,Female,26.0,47.0,54.0,35,9.3,90,FAIL
65,Female,25.0,2.0,39.0,114,0.3,51,
368,male,17.0,38.0,,106,8.1,50,
146,female,17.0,5.0,5.0,90,5.4,98,Fail
651,Female,16.0,44.0,34.0,51,6.9,83,FAIL
787,Female,17.0,9.0,20.0,119,-1.9,97,
704,female,18.0,,30.0,55,6.5,118,FAIL
36,,999.0,30.0,53.0,111,6.5,57,Pass
902,Male,23.0,43.0,64.0,3,0.7,69,pass
589,female,24.0,59.0,66.0,78,2.4,92,
232,Male,20.0,,27.0,103,3.4,76,Fail
853,female,27.0,94.0,76.0,18,4.7,67,Fail
135,male,17.0,,88.0,22,7.3,68,FAIL
364,,22.0,6.0,-2.0,28,2.2,56,Fail
458,male,22.0,23.0,72.0,108,6.1,88,
695,Male,21.0,,,94,-1.9,51,pass
104,Female,21.0,64.0,24.0,117,6.9,80,Pass
814,Male,25.0,76.0,96.0,92,3.8,80,pass
742,,18.0,84.0,-13.0,99,7.0,74,pass
527,,15.0,29.0,103.0,15,3.5,105,FAIL
437,Female,29.0,,-17.0,107,3.0,52,Fail
338,female,24.0,600.0,104.0,119,2.9,72,
198,Male,21.0,101.0,59.0,55,9.0,119,
461,Male,21.0,18.0,81.0,108,4.9,98,Fail
457,,25.0,102.0,71.0,99,7.6,63,FAIL
450,Female,17.0,84.0,4.0,72,7.0,93,
25,Male,15.0,60.0,3.0,17,2.6,76,Pass
214,Female,29.0,103.0,101.0,64,0.4,108,Fail
781,Female,16.0,0.0,33.0,12,6.5,99,Pass
576,,24.0,51.0,14.0,44,-1.1,65,Pass
385,,27.0,44.0,89.0,75,5.9,92,pass
79,female,22.0,43.0,96.0,81,9.8,101,pass
616,male,17.0,1.0,,25,2.4,90,Fail
177,male,22.0,38.0,36.0,30,0.6,114,FAIL
379,Female,17.0,83.0,51.0,12,6.1,110,FAIL
816,female,20.0,86.0,-9.0,52,6.2,74,
777,Female,25.0,63.0,43.0,26,3.4,93,
2,,26.0,99.0,57.0,26,3.4,60,Fail
201,Female,,46.0,74.0,93,7.4,85,
401,male,19.0,23.0,86.0,22,0.2,97,Fail
547,,22.0,64.0,95.0,95,5.2,112,
469,Male,20.0,109.0,45.0,2,-1.0,91,Pass
712,,27.0,999.0,50.0,88,3.6,119,Pass
734,Female,26.0,20.0,4.0,33,5.8,66,
52,female,23.0,104.0,80.0,97,7.8,101,Pass
432,Male,16.0,47.0,96.0,46,7.0,51,Pass
914,Male,20.0,17.0,86.0,94,3.3,79,pass
982,female,17.0,106.0,95.0,10,1.7,75,
530,,,11.0,98.0,103,5.7,58,
669,Female,17.0,1.0,80.0,61,6.8,75,Pass
894,female,29.0,103.0,14.0,62,9.2,70,pass
281,Female,21.0,32.0,28.0,26,5.0,62,Fail
805,Female,15.0,44.0,24.0,112,1.6,52,Pass
539,Female,,108.0,-6.0,46,5.1,94,
925,male,15.0,95.0,39.0,39,-1.7,63,
172,Male,17.0,97.0,33.0,68,-1.8,97,FAIL
736,Female,28.0,86.0,-4.0,7,4.7,94,pass
136,male,29.0,36.0,49.0,14,5.5,75,pass
438,male,200.0,31.0,7.0,104,8.7,56,FAIL
519,,22.0,76.0,19.0,99,5.0,92,
440,Male,21.0,9.0,101.0,104,5.6,87,Fail
46,Male,23.0,59.0,50.0,85,0.7,86,Pass
84,,25.0,68.0,27.0,36,7.4,119,
957,,23.0,18.0,35.0,56,1.0,83,pass
260,Female,24.0,104.0,12.0,118,3.0,114,FAIL
684,Female,25.0,78.0,44.0,43,1.2,116,
41,female,29.0,36.0,36.0,104,3.8,79,pass
375,Male,28.0,60.0,20.0,99,3.1,92,Pass
425,male,28.0,98.0,25.0,100,-1.2,88,
649,Male,27.0,78.0,20.0,4,9.6,104,Pass
583,Male,29.0,5.0,4.0,104,-0.1,75,Pass
28,Female,19.0,62.0,5.0,28,7.4,95,Fail
489,female,17.0,43.0,12.0,9,4.8,116,FAIL
230,female,18.0,104.0,67.0,65,6.6,93,
980,male,,105.0,13.0,8,3.5,93,FAIL
995,,23.0,85.0,67.0,112,6.3,116,
194,Female,21.0,0.0,71.0,65,0.5,63,
184,Female,,37.0,9.0,85,3.9,106,pass
382,,25.0,53.0,26.0,69,0.5,73,
525,,19.0,105.0,,118,0.1,106,pass
383,Male,25.0,0.0,-6.0,111,6.6,85,Pass
363,female,25.0,74.0,22.0,63,-1.5,106,Fail
977,,20.0,98.0,43.0,31,7.4,72,Fail
514,female,28.0,21.0,,115,7.0,92,Pass
27,male,19.0,53.0,78.0,112,-1.8,112,Fail
476,,26.0,72.0,77.0,103,-0.4,59,Fail
424,Female,21.0,48.0,-10.0,16,7.9,76,FAIL
277,,23.0,18.0,22.0,86,6.8,53,
443,male,25.0,76.0,98.0,100,3.1,82,FAIL
454,,16.0,38.0,,55,7.9,106,Pass
18,,27.0,55.0,,36,7.2,97,pass
241,male,21.0,88.0,16.0,101,8.5,84,FAIL
322,Female,18.0,,-1.0,78,6.6,75,Fail
971,female,25.0,107.0,74.0,15,7.8,107,FAIL
752,female,15.0,80.0,19.0,113,5.2,75,Fail
941,Female,24.0,26.0,101.0,35,1.4,70,Fail
222,Male,19.0,0.0,-14.0,103,-1.9,110,Fail
659,Male,22.0,77.0,14.0,26,8.8,59,Pass
593,,24.0,48.0,62.0,3,0.0,70,
558,,18.0,15.0,61.0,79,5.2,92,Pass
765,Female,17.0,103.0,92.0,42,2.2,108,FAIL
105,Male,15.0,39.0,12.0,20,5.6,84,FAIL
23,female,,73.0,-1.0,5,3.8,108,pass
495,,28.0,71.0,30.0,45,3.6,109,FAIL
342,female,17.0,77.0,7.0,75,0.5,74,
148,male,16.0,60.0,48.0,91,0.6,51,Pass
313,Female,19.0,78.0,78.0,31,7.3,108,
407,Male,23.0,67.0,98.0,32,4.7,115,Pass
987,,28.0,102.0,10.0,67,4.0,118,
98,Female,20.0,88.0,102.0,97,5.0,83,
535,male,22.0,83.0,37.0,117,5.7,57,
919,,24.0,45.0,98.0,59,4.4,114,FAIL
484,,25.0,48.0,0.0,12,5.7,57,Pass
561,Male,18.0,97.0,-15.0,99,7.3,68,pass
497,male,27.0,66.0,61.0,36,3.9,90,pass
447,male,,63.0,-18.0,1,3.2,117,pass
74,Female,23.0,7.0,88.0,10,2.0,83,Pass
191,Female,29.0,105.0,-14.0,20,1.5,70,pass
97,,20.0,,71.0,116,0.3,93,Fail
180,Male,22.0,42.0,3.0,113,2.5,73,
283,Male,24.0,95.0,77.0,92,0.5,109,Pass
124,male,28.0,,100.0,107,5.0,60,
288,,29.0,10.0,44.0,16,2.0,91,Fail
756,male,25.0,62.0,88.0,43,5.4,110,FAIL
296,,19.0,8.0,45.0,18,2.9,88,Fail
208,male,15.0,29.0,24.0,112,-0.3,69,Fail
811,female,19.0,86.0,51.0,17,8.4,50,Pass
746,male,15.0,52.0,44.0,42,3.0,55,pass
274,female,16.0,70.0,77.0,38,4.5,118,pass
779,male,21.0,8.0,85.0,66,-0.0,91,Pass
855,female,19.0,103.0,101.0,59,3.1,50,
142,,21.0,43.0,-2.0,80,4.5,116,Fail
95,Male,15.0,,92.0,63,9.7,107,FAIL
271,male,18.0,14.0,3.0,110,4.4,52,Pass
24,Male,21.0,34.0,-11.0,67,4.1,76,FAIL
409,,29.0,,80.0,107,-0.4,85,Pass
336,Female,22.0,67.0,-7.0,33,3.8,103,FAIL
234,female,22.0,65.0,0.0,8,-1.9,80,Pass
258,,18.0,,40.0,39,2.1,95,
225,Male,23.0,79.0,61.0,59,-0.7,64,Fail
643,,20.0,97.0,-13.0,104,7.8,65,Pass
263,,16.0,108.0,47.0,15,3.5,50,Pass
674,female,25.0,4.0,104.0,73,1.0,118,Fail
439,female,18.0,10.0,81.0,70,7.9,92,FAIL
812,Female,29.0,100.0,51.0,44,7.9,83,Pass
826,,29.0,19.0,-13.0,19,-1.8,65,
518,,28.0,68.0,78.0,24,-1.5,62,pass
739,female,20.0,4.0,-15.0,7,9.1,59,Fail
165,male,29.0,77.0,14.0,95,0.4,90,pass
429,,23.0,20.0,42.0,27,9.8,82,pass
854,Female,26.0,7.0,55.0,108,1.0,114,
503,,26.0,1.0,1.0,99,8.0,105,Pass
578,female,22.0,22.0,9.0,58,4.4,84,pass
20,female,22.0,58.0,90.0,100,3.2,109,pass
918,Male,15.0,7.0,24.0,56,7.0,91,pass
750,male,24.0,31.0,92.0,83,-1.5,95,Pass
726,Male,17.0,4.0,34.0,58,9.0,63,Pass
272,Male,23.0,64.0,40.0,30,7.5,109,pass
653,male,27.0,11.0,72.0,74,-0.4,55,Pass
173,Female,17.0,88.0,25.0,12,-1.1,69,
719,Female,29.0,26.0,46.0,81,10.0,111,FAIL
755,male,22.0,10.0,27.0,85,1.5,87,Pass
72,,20.0,98.0,1.0,110,2.3,94,Fail
306,female,28.0,25.0,67.0,73,9.2,92,Fail
829,Female,17.0,57.0,25.0,9,8.5,66,Pass
658,Female,17.0,30.0,-9.0,37,2.9,80,FAIL
389,Male,21.0,21.0,39.0,57,1.1,77,
985,male,26.0,20.0,81.0,85,8.6,113,
638,,22.0,98.0,20.0,53,6.4,98,Pass
780,Male,24.0,40.0,86.0,107,0.9,82,FAIL
378,Female,26.0,,64.0,50,2.2,99,Fail
790,Male,21.0,103.0,0.0,33,5.8,111,FAIL
998,Male,24.0,57.0,54.0,88,-1.4,90,pass
152,Male,21.0,72.0,63.0,3,1.9,87,Fail
276,male,19.0,20.0,37.0,7,3.0,88,
741,Female,18.0,12.0,6.0,95,1.8,85,Fail
645,,26.0,20.0,84.0,113,6.8,50,pass
903,,22.0,31.0,41.0,66,0.9,76,pass
468,male,27.0,108.0,-10.0,17,-1.8,118,Fail
1000,male,21.0,11.0,-17.0,35,2.0,72,FAIL
633,female,16.0,79.0,78.0,48,6.2,84,pass
4,,18.0,7.0,100.0,117,0.2,94,pass
994,Female,27.0,35.0,99.0,101,6.7,84,Fail
732,,29.0,101.0,-15.0,79,-1.3,100,Fail
928,female,27.0,21.0,11.0,37,0.6,116,Pass
885,Male,27.0,10.0,17.0,14,7.1,67,FAIL
200,female,17.0,85.0,33.0,56,-1.6,94,Fail
809,Male,26.0,43.0,-2.0,77,9.3,81,
699,Female,19.0,3.0,31.0,40,7.1,89,FAIL
555,,23.0,102.0,103.0,56,0.4,93,Pass
979,male,20.0,63.0,-13.0,33,0.3,56,
346,Female,15.0,26.0,45.0,94,6.9,63,
845,,22.0,95.0,61.0,10,7.4,115,Pass
579,Female,20.0,25.0,57.0,3,9.8,109,
321,Female,25.0,45.0,0.0,23,0.7,61,Fail
969,female,28.0,71.0,,71,0.5,50,pass
81,,,77.0,79.0,85,6.8,85,pass
831,female,23.0,109.0,9.0,74,6.4,51,Pass
793,female,27.0,74.0,18.0,31,1.5,110,pass
749,Male,15.0,44.0,88.0,58,1.5,104,
286,,25.0,101.0,49.0,38,0.9,102,Fail
896,,25.0,77.0,44.0,35,1.0,96,pass
609,Female,18.0,13.0,98.0,16,0.1,70,pass
581,female,19.0,81.0,63.0,66,-0.6,95,FAIL
107,male,28.0,55.0,49.0,10,6.3,110,FAIL
824,male,26.0,16.0,101.0,25,-1.5,71,pass
220,Male,18.0,67.0,12.0,36,1.4,65,FAIL
768,,26.0,92.0,22.0,41,1.3,78,pass
621,,17.0,81.0,19.0,10,6.0,55,pass
770,Male,27.0,28.0,103.0,65,1.8,105,Pass
753,Male,20.0,98.0,-7.0,85,5.8,77,FAIL
406,,16.0,36.0,-20.0,100,6.9,71,
219,Male,26.0,45.0,29.0,14,0.5,61,Pass
716,female,23.0,61.0,,54,1.3,118,FAIL
599,,22.0,29.0,52.0,55,-0.8,89,pass
517,Female,27.0,35.0,45.0,42,0.4,111,
511,male,18.0,86.0,14.0,16,9.7,92,FAIL
763,,18.0,51.0,,27,6.1,100,pass
290,female,,71.0,64.0,29,4.9,72,FAIL
328,,20.0,79.0,-6.0,58,8.5,102,Fail
937,Male,20.0,28.0,83.0,91,-1.4,86,
8,male,22.0,31.0,-1.0,105,-0.5,51,FAIL
743,Female,16.0,89.0,62.0,110,3.2,55,pass
648,,,24.0,65.0,113,2.8,83,Fail
904,female,25.0,50.0,,33,4.1,87,Pass
394,Male,22.0,25.0,-14.0,59,4.5,80,Pass
606,male,29.0,79.0,52.0,27,1.6,58,
110,male,25.0,22.0,91.0,4,0.1,81,pass
21,Female,23.0,,104.0,34,4.6,53,FAIL
992,male,21.0,12.0,48.0,20,3.3,78,pass
38,,21.0,60.0,25.0,67,4.5,85,Fail
568,,28.0,104.0,99.0,31,1.7,101,
246,male,28.0,30.0,-18.0,13,5.6,71,FAIL
120,Female,22.0,9.0,-12.0,18,2.5,95,Pass
395,,,8.0,59.0,90,7.1,53,pass
862,Female,29.0,48.0,8.0,4,-1.7,82,Pass
267,female,20.0,53.0,65.0,65,3.9,57,FAIL
302,,19.0,65.0,,54,-1.7,91,Fail
975,female,18.0,3.0,92.0,41,5.4,94,
465,Female,22.0,41.0,39.0,7,8.7,71,FAIL
132,,16.0,63.0,92.0,32,0.6,51,Fail
22,,20.0,27.0,-17.0,86,1.7,51,Pass
895,Male,20.0,58.0,86.0,60,1.7,58,FAIL
986,male,24.0,45.0,44.0,16,3.0,106,FAIL
947,Female,26.0,43.0,12.0,57,3.3,75,Fail
580,female,19.0,67.0,102.0,103,-0.0,94,FAIL
556,,21.0,31.0,,11,0.6,114,
83,,29.0,36.0,-2.0,18,7.4,87,Pass
614,male,23.0,65.0,95.0,105,6.6,66,Pass
329,Female,16.0,46.0,99.0,86,0.4,62,pass
848,male,28.0,9.0,90.0,20,8.4,71,Pass
159,Male,23.0,69.0,49.0,115,3.3,91,
595,female,16.0,37.0,30.0,103,7.3,72,Fail
635,Male,26.0,109.0,38.0,51,-0.6,50,FAIL
835,,,14.0,,64,-1.0,118,FAIL
37,male,20.0,57.0,17.0,21,4.4,118,pass
548,Female,29.0,29.0,-7.0,116,4.0,104,Pass
183,Male,,,64.0,92,2.6,80,FAIL
295,female,23.0,45.0,36.0,52,6.1,105,pass
189,Male,19.0,79.0,65.0,41,1.0,77,
485,Male,21.0,59.0,7.0,56,6.8,57,pass
825,Male,20.0,4.0,48.0,108,0.6,84,pass
909,Male,15.0,93.0,100.0,119,0.8,112,pass
14,Female,24.0,82.0,49.0,116,0.6,65,FAIL
785,,18.0,28.0,16.0,8,9.0,97,Fail
29,female,24.0,78.0,16.0,76,-0.5,112,Fail
367,female,21.0,73.0,,64,8.0,82,Pass
42,Male,19.0,3.0,24.0,48,-0.6,72,
657,Male,24.0,12.0,9.0,49,3.9,88,Pass
350,,25.0,7.0,,17,3.4,116,Fail
419,,21.0,73.0,97.0,82,4.3,67,Fail
121,Female,17.0,,69.0,25,4.8,88,Pass
103,female,15.0,4.0,97.0,11,4.2,68,pass
686,Male,26.0,86.0,24.0,106,0.4,58,FAIL
256,male,25.0,69.0,-9.0,15,7.5,65,
559,Male,25.0,75.0,94.0,42,5.4,72,FAIL
494,Male,27.0,101.0,20.0,73,5.6,58,FAIL
687,,21.0,82.0,66.0,107,1.5,60,Fail
416,,24.0,17.0,73.0,72,5.6,93,Fail
675,Male,23.0,82.0,52.0,45,4.2,54,pass
688,Male,19.0,8.0,26.0,32,0.8,91,FAIL
374,male,17.0,41.0,71.0,67,5.0,53,
147,female,28.0,107.0,94.0,81,6.9,65,FAIL
912,male,28.0,104.0,0.0,108,-1.4,109,Pass
348,Male,25.0,,99.0,92,4.5,79,Fail
423,Female,24.0,46.0,-9.0,41,5.9,61,Fail
900,male,26.0,83.0,69.0,23,9.1,100,Pass
883,male,22.0,31.0,-19.0,90,-0.3,117,pass
531,Female,23.0,16.0,66.0,91,9.4,117,FAIL
935,,21.0,81.0,42.0,46,1.8,101,FAIL
799,male,28.0,48.0,-10.0,83,1.0,119,Fail
757,,16.0,20.0,63.0,8,5.2,100,pass
162,Male,22.0,68.0,,80,4.6,71,Fail
35,male,15.0,84.0,,95,4.0,85,Fail
951,female,27.0,36.0,35.0,100,9.3,66,pass
199,,19.0,4.0,-5.0,29,8.3,85,Pass
677,,25.0,9.0,-12.0,94,5.1,67,FAIL
617,female,,34.0,17.0,24,0.3,115,pass
231,Female,24.0,89.0,-6.0,62,7.9,54,pass
966,Female,26.0,105.0,-3.0,84,6.4,119,Pass
923,,15.0,22.0,101.0,56,1.5,66,Fail
59,female,20.0,35.0,3.0,107,5.5,78,pass
714,male,25.0,100.0,7.0,18,-0.5,107,Fail
75,,-1.0,99.0,55.0,99,6.1,62,Pass
626,Female,23.0,53.0,12.0,67,7.2,115,Fail
837,Female,25.0,6.0,63.0,21,7.4,69,
317,male,27.0,42.0,28.0,27,8.3,60,FAIL
888,,19.0,16.0,73.0,0,0.5,119,Fail
629,female,23.0,94.0,68.0,27,4.3,73,Pass
942,,16.0,49.0,102.0,110,-0.9,102,
422,female,20.0,68.0,-12.0,36,1.3,82,pass
792,,21.0,27.0,38.0,0,0.1,112,pass
66,female,15.0,108.0,39.0,0,2.9,71,Pass
842,,15.0,4.0,73.0,92,5.0,118,FAIL
646,Female,,800.0,104.0,25,4.2,91,
338,female,24.0,12.0,104.0,119,2.9,72,
493,female,300.0,7.0,13.0,52,5.4,116,pass
723,Female,27.0,70.0,67.0,107,2.0,104,Fail
308,female,26.0,11.0,,99,9.8,113,pass
297,,21.0,2.0,53.0,56,7.0,100,Pass
445,,21.0,24.0,48.0,99,4.2,60,FAIL
202,male,17.0,33.0,,46,2.9,71,
890,female,28.0,17.0,-19.0,110,6.2,117,Pass
587,female,17.0,14.0,5.0,27,-1.8,72,Fail
724,female,17.0,100.0,13.0,114,3.6,84,FAIL
376,male,20.0,41.0,15.0,81,4.6,53,
604,female,22.0,5.0,57.0,14,3.7,97,FAIL
874,female,23.0,,52.0,7,-0.1,92,FAIL
852,,17.0,80.0,92.0,114,7.0,87,
810,,27.0,64.0,55.0,16,5.2,62,Fail
47,Female,24.0,23.0,-17.0,52,8.6,78,
179,,17.0,55.0,63.0,79,5.1,85,pass
410,female,25.0,,11.0,10,3.3,67,FAIL
94,male,23.0,1.0,95.0,18,4.6,71,Fail
111,Male,22.0,46.0,26.0,80,9.1,115,Pass
973,,21.0,2.0,-10.0,118,-0.4,67,Fail
386,Male,15.0,105.0,83.0,50,2.2,76,FAIL
818,Male,23.0,0.0,91.0,81,-0.4,63,pass
796,Female,18.0,58.0,18.0,70,7.4,73,pass
34,Male,23.0,93.0,,108,4.7,112,FAIL
694,Male,29.0,109.0,26.0,10,5.1,101,Pass
68,Female,25.0,39.0,28.0,62,3.2,67,Fail
53,female,17.0,35.0,59.0,31,4.0,68,FAIL
312,male,,36.0,-11.0,19,6.1,114,Fail
335,female,19.0,14.0,71.0,77,2.9,60,Pass
916,,26.0,12.0,15.0,61,9.5,78,Pass
269,,19.0,,12.0,12,6.9,100,Fail
116,,15.0,13.0,57.0,11,-0.9,109,
280,male,26.0,88.0,65.0,54,5.6,92,pass
800,male,18.0,78.0,89.0,19,6.6,76,FAIL
861,Male,28.0,66.0,42.0,39,-0.6,81,Fail
908,male,23.0,31.0,,52,5.8,96,FAIL
337,Male,15.0,20.0,6.0,81,-1.8,94,Fail
590,Male,15.0,100.0,1.0,86,2.2,72,pass
930,,15.0,88.0,46.0,60,6.5,68,Fail
240,,28.0,40.0,36.0,94,-1.1,62,Pass
39,Male,17.0,23.0,-17.0,68,3.2,77,Pass
487,Male,27.0,59.0,69.0,117,-0.3,53,Fail
557,male,18.0,32.0,58.0,15,6.3,100,Fail
473,Female,15.0,96.0,52.0,43,9.0,64,pass
30,female,28.0,96.0,81.0,58,7.6,61,FAIL
730,Male,23.0,90.0,66.0,42,5.3,98,FAIL
463,,21.0,89.0,-15.0,8,1.8,107,Fail
471,Female,27.0,103.0,87.0,69,-1.8,108,Pass
767,Female,27.0,104.0,-13.0,87,7.5,50,pass
444,male,,56.0,6.0,12,0.4,108,Fail
151,Male,21.0,1.0,16.0,110,6.9,79,FAIL
722,male,22.0,13.0,45.0,3,0.6,64,Fail
128,female,16.0,42.0,29.0,54,0.1,61,pass
871,male,18.0,20.0,61.0,115,-1.1,105,FAIL
943,male,29.0,94.0,36.0,40,1.8,65,Fail
161,male,17.0,58.0,-17.0,80,0.8,86,FAIL
620,female,23.0,,15.0,82,9.9,90,Fail
420,female,24.0,96.0,-2.0,82,7.9,79,
927,Female,23.0,85.0,77.0,102,-0.1,71,
560,female,22.0,37.0,76.0,116,9.3,105,
553,Female,,81.0,-12.0,6,8.6,63,Pass
1,female,26.0,109.0,60.0,25,9.7,59,pass
623,female,16.0,24.0,9.0,52,-1.5,55,Pass
354,female,16.0,29.0,95.0,80,9.3,96,pass
668,Male,22.0,42.0,-1.0,37,2.0,58,FAIL
528,Male,19.0,54.0,-20.0,46,6.2,76,Pass
227,Female,19.0,,99.0,0,7.4,66,Pass
859,Male,17.0,78.0,18.0,70,0.9,92,pass
186,female,18.0,22.0,87.0,66,7.4,78,pass
441,Male,17.0,72.0,74.0,12,8.3,86,FAIL
253,female,23.0,3.0,94.0,60,7.9,103,
865,male,28.0,77.0,45.0,3,9.9,109,FAIL
680,,19.0,10.0,60.0,93,5.2,53,FAIL
113,,28.0,10.0,-6.0,19,3.2,59,pass
205,female,26.0,89.0,49.0,113,8.0,82,Fail
672,Male,,82.0,12.0,81,9.9,64,
580,female,19.0,67.0,102.0,103,-0.0,94,FAIL
370,,16.0,30.0,53.0,8,5.6,109,
15,female,23.0,21.0,35.0,29,6.0,55,Pass
764,,25.0,81.0,25.0,41,4.5,69,
978,Female,24.0,95.0,48.0,58,10.0,75,Fail
108,female,21.0,35.0,-17.0,102,-0.3,80,Pass
534,,23.0,7.0,-17.0,26,8.0,75,Fail
78,female,19.0,41.0,81.0,98,2.6,71,Fail
698,Female,25.0,96.0,5.0,69,5.4,72,
249,female,16.0,67.0,,44,0.8,118,Fail
670,Male,22.0,59.0,46.0,85,4.9,53,
456,Female,19.0,74.0,40.0,96,9.2,65,Pass
678,male,27.0,88.0,47.0,93,7.0,51,Fail
464,Female,29.0,101.0,62.0,87,9.5,94,FAIL
273,Male,20.0,75.0,40.0,33,1.6,84,Fail
791,male,29.0,20.0,30.0,114,1.3,63,FAIL
56,Male,23.0,65.0,95.0,112,9.2,86,
596,,16.0,81.0,-18.0,8,-1.1,94,
830,Male,15.0,30.0,66.0,58,4.3,107,FAIL
656,Male,17.0,91.0,27.0,32,8.3,97,Pass
372,female,26.0,62.0,,33,-0.8,53,Fail
310,,25.0,97.0,,53,-0.6,95,Fail
569,female,24.0,84.0,25.0,74,4.6,98,pass
762,male,26.0,33.0,81.0,91,3.5,108,
963,Female,22.0,1000.0,8.0,15,4.7,59,pass
32,female,20.0,75.0,33.0,115,8.1,92,
185,Female,18.0,83.0,,42,1.4,115,
122,female,16.0,,-5.0,47,3.4,80,Fail
245,male,15.0,76.0,,2,7.4,74,pass
588,Male,,85.0,81.0,76,7.9,113,Pass
307,Male,16.0,24.0,90.0,9,3.3,68,FAIL
462,Female,26.0,67.0,29.0,33,1.6,58,FAIL
175,female,26.0,28.0,87.0,109,2.3,109,FAIL
9,male,29.0,50.0,54.0,50,8.2,91,Fail
164,Male,25.0,50.0,93.0,96,6.4,76,FAIL
509,,29.0,34.0,-6.0,110,-1.3,85,
681,,24.0,49.0,77.0,5,-1.4,91,Fail
361,female,23.0,88.0,102.0,68,2.5,90,Fail
540,female,19.0,22.0,42.0,93,6.4,62,
794,Female,27.0,33.0,34.0,88,-0.6,80,Fail
905,female,20.0,45.0,,56,7.3,114,
733,female,26.0,78.0,65.0,65,4.8,91,Fail
954,,20.0,55.0,-14.0,26,7.2,56,pass
77,Male,20.0,86.0,37.0,16,0.5,111,FAIL
784,male,27.0,47.0,67.0,99,3.4,108,Pass
692,,23.0,27.0,55.0,76,9.1,61,Pass
80,female,15.0,13.0,10.0,103,7.4,101,FAIL
466,Female,15.0,31.0,23.0,6,8.2,81,
284,female,20.0,34.0,,102,1.7,106,FAIL
411,Female,24.0,99.0,103.0,16,3.4,102,
786,Male,15.0,96.0,28.0,53,0.3,54,Pass
952,male,17.0,60.0,7.0,24,0.8,108,Pass
334,,20.0,50.0,95.0,30,7.8,56,pass
396,,22.0,14.0,-18.0,88,1.7,86,
61,Female,,38.0,9.0,43,-0.0,74,
304,,28.0,,65.0,31,6.4,60,Pass
87,Male,26.0,40.0,73.0,7,1.9,58,
